exploitation,automatable,technical_impact,mission_impact,decision
none,no,partial,low,track
none,no,partial,medium,track
none,no,partial,high,track
none,no,total,low,track
none,no,total,medium,track
none,no,total,high,track*
none,yes,partial,low,track
none,yes,partial,medium,track
none,yes,partial,high,attend
none,yes,total,low,track
none,yes,total,medium,track
none,yes,total,high,attend
poc,no,partial,low,track
poc,no,partial,medium,track
poc,no,partial,high,track*
poc,no,total,low,track
poc,no,total,medium,track*
poc,no,total,high,attend
poc,yes,partial,low,track
poc,yes,partial,medium,track
poc,yes,partial,high,attend
poc,yes,total,low,track
poc,yes,total,medium,track*
poc,yes,total,high,attend
active,no,partial,low,track
active,no,partial,medium,track
active,no,partial,high,attend
active,no,total,low,track
active,no,total,medium,attend
active,no,total,high,act
active,yes,partial,low,attend
active,yes,partial,medium,attend
active,yes,partial,high,act
active,yes,total,low,attend
active,yes,total,medium,act
active,yes,total,high,act
